{"episode": 3, "cumulative_reward": -110.9809275756498, "avg_episode_length": 150.25, "_timestamp": 1743186552.5119238, "_runtime": 1214.9387168884277, "_step": 3, "_wandb": {"runtime": 1532}}