{"episode": 2, "cumulative_reward": -170.59401970784177, "avg_episode_length": 200.0, "_timestamp": 1743186664.401076, "_runtime": 1322.3532001972198, "_step": 2, "_wandb": {"runtime": 1546}}