{"episode": 3, "cumulative_reward": -142.6673407031275, "avg_episode_length": 151.0, "_timestamp": 1743186627.8431165, "_runtime": 1284.0024144649506, "_step": 3, "_wandb": {"runtime": 1537}}