{"episode": 1, "cumulative_reward": -188.80162196478256, "avg_episode_length": 200.0, "_timestamp": 1743186239.1768873, "_runtime": 896.7864851951599, "_step": 1, "_wandb": {"runtime": 1362}}