{"episode": 2, "cumulative_reward": -67.21318389674167, "avg_episode_length": 200.0, "_timestamp": 1743186674.8372254, "_runtime": 1329.538566350937, "_step": 2, "_wandb": {"runtime": 1544}}