{"episode": 2, "cumulative_reward": -102.83977341001795, "avg_episode_length": 200.0, "_timestamp": 1743186649.7802567, "_runtime": 1310.089584827423, "_step": 2, "_wandb": {"runtime": 1546}}