{"episode": 3, "cumulative_reward": -44.389468517866284, "avg_episode_length": 150.25, "_timestamp": 1743186613.7141964, "_runtime": 1268.8893554210663, "_step": 3, "_wandb": {"runtime": 1531}}