{"episode": 2, "cumulative_reward": -219.00315862735968, "avg_episode_length": 200.0, "_timestamp": 1743186600.6910822, "_runtime": 1262.7556221485138, "_step": 2, "_wandb": {"runtime": 1541}}