{"episode": 3, "cumulative_reward": -94.62469657768347, "avg_episode_length": 150.25, "_timestamp": 1743186644.073169, "_runtime": 1302.7108960151672, "_step": 3, "_wandb": {"runtime": 1548}}