{"episode": 2, "cumulative_reward": -162.14646009082267, "avg_episode_length": 200.0, "_timestamp": 1743186627.1254387, "_runtime": 1288.2577955722809, "_step": 2, "_wandb": {"runtime": 1544}}