{"episode": 2, "cumulative_reward": -101.35581790333336, "avg_episode_length": 133.66666666666666, "_timestamp": 1743186234.9201894, "_runtime": 897.9648203849792, "_step": 2, "_wandb": {"runtime": 1356}}