{"episode": 2, "cumulative_reward": -204.17508863452997, "avg_episode_length": 200.0, "_timestamp": 1743186593.9560833, "_runtime": 1253.2508993148804, "_step": 2, "_wandb": {"runtime": 1538}}