{"episode": 1, "cumulative_reward": -190.27696048644992, "avg_episode_length": 200.0, "_timestamp": 1743186225.6470478, "_runtime": 879.1035947799683, "_step": 1, "_wandb": {"runtime": 1337}}