{"episode": 1, "cumulative_reward": -72.0242850886329, "avg_episode_length": 200.0, "_timestamp": 1743186235.2243855, "_runtime": 887.4238104820251, "_step": 1, "_wandb": {"runtime": 1337}}