{"episode": 1, "cumulative_reward": -169.92116620832903, "avg_episode_length": 200.0, "_timestamp": 1743186248.972551, "_runtime": 906.7889750003815, "_step": 1, "_wandb": {"runtime": 1361}}