{"episode": 3, "cumulative_reward": -197.22991942504368, "avg_episode_length": 150.25, "_timestamp": 1743186601.1290383, "_runtime": 1262.533465385437, "_step": 3, "_wandb": {"runtime": 1540}}