{"episode": 1, "cumulative_reward": -100.01468608318753, "avg_episode_length": 200.0, "_timestamp": 1743186240.7510812, "_runtime": 895.0233542919159, "_step": 1, "_wandb": {"runtime": 1343}}