{"episode": 2, "cumulative_reward": -95.98989303933202, "avg_episode_length": 200.0, "_timestamp": 1743186667.1851702, "_runtime": 1323.8243021965027, "_step": 2, "_wandb": {"runtime": 1545}}