{"episode": 2, "cumulative_reward": -153.750382039967, "avg_episode_length": 200.0, "_timestamp": 1743186613.042576, "_runtime": 1272.8016459941864, "_step": 2, "_wandb": {"runtime": 1539}}