{"episode": 1, "cumulative_reward": -270.8449939964373, "avg_episode_length": 200.0, "_timestamp": 1743186241.5723662, "_runtime": 897.1478962898254, "_step": 1, "_wandb": {"runtime": 1346}}