{"cumulative_reward":-39.477178927071165,"avg_episode_length":166.83333333333334,"_timestamp":1.743184525934236e+09,"_wandb":{"runtime":500},"_runtime":469.1276724,"_step":5,"episode":5}